{
  "v0.9": {
    "MSE": 0.4245733094879412,
    "R2": 0.967566942369608
  },
  "timestamp": "2025-11-02T15:29:23.286597+00:00",
  "features_used": [
    "xG",
    "xAG",
    "npxG",
    "xG_per90",
    "xAG_per90",
    "npxG_per90",
    "PrgP",
    "PrgC",
    "PrgR",
    "Min",
    "90s",
    "Age",
    "usage"
  ],
  "v1_0": {
    "MSE": 0.4245733094879412,
    "R2": 0.967566942369608
  },
  "winner": "v0.9"
}