{"xG": {"mean": 2.0760344827586206, "std": 3.402253870270797}, "xAG": {"mean": 1.4937931034482759, "std": 2.115351265420984}, "npxG": {"mean": 1.9296551724137931, "std": 2.9779877324175055}, "PrgR": {"mean": 50.06206896551724, "std": 68.75718540585257}, "Min": {"mean": 1294.5844827586207, "std": 1024.7203577089635}, "Performance_Index": {"mean": 13.044482758620688, "std": 15.773409707185102}}